{
  "meta": {
    "dataset": "src\\api\\intent_dataset.json",
    "embed_model": "bge-m3",
    "seed": 42,
    "test_ratio": 0.33,
    "holdout_fine_labels": [
      "manufacturer_check",
      "substance_count",
      "nlem_find",
      "hierarchy_check",
      "formula_count",
      "general_find"
    ]
  },
  "random_split": {
    "results": {
      "legacy": {
        "action_acc": 0.8666666666666667,
        "action_f1": 0.8646807053586715,
        "facet_acc": 0.8333333333333334,
        "facet_f1": 0.8319579196363587,
        "joint_acc": 0.7333333333333333
      },
      "v2": {
        "action_acc": 0.8666666666666667,
        "action_f1": 0.8646807053586715,
        "facet_acc": 0.8333333333333334,
        "facet_f1": 0.8342504309416073,
        "joint_acc": 0.7
      },
      "support": {
        "test_size": 90,
        "legacy_num_classes": 18,
        "v2_action_classes": 3,
        "v2_facet_classes": 6
      }
    },
    "latency_ms": {
      "legacy": 0.20772499963641167,
      "v2": 0.28426800039596856
    }
  },
  "compositional_holdout": {
    "results": {
      "legacy": {
        "action_acc": 0.3333333333333333,
        "action_f1": 0.34648576355893423,
        "facet_acc": 0.6111111111111112,
        "facet_f1": 0.6076774077177303,
        "joint_acc": 0.0
      },
      "v2": {
        "action_acc": 0.5333333333333333,
        "action_f1": 0.5359893549380895,
        "facet_acc": 0.6666666666666666,
        "facet_f1": 0.6726857373318352,
        "joint_acc": 0.25555555555555554
      },
      "support": {
        "test_size": 90,
        "legacy_num_classes": 12,
        "v2_action_classes": 3,
        "v2_facet_classes": 6
      }
    },
    "latency_ms": {
      "legacy": 0.2006700000492856,
      "v2": 0.302765000378713
    }
  }
}