{
  "generated_at": "2026-03-07T21:03:06.893021",
  "policy": "static",
  "mode_a": "rrf_only",
  "mode_b": "rrf_plus_lookup_only_rerank",
  "dataset": "experiments\\retrieval_eval\\eval\\phase2_silver_queries.json",
  "query_count": 700,
  "elapsed_sec": 467.862,
  "overall": {
    "rrf_only": {
      "hit@1": 0.681429,
      "hit@3": 0.791429,
      "hit@5": 0.828571,
      "hit@10": 0.868571,
      "p@5": 0.387143,
      "r@5": 0.557952,
      "mrr": 0.748988,
      "ndcg@10": 0.730046
    },
    "rrf_plus_lookup_rerank": {
      "hit@1": 0.67,
      "hit@3": 0.811429,
      "hit@5": 0.842857,
      "hit@10": 0.884286,
      "p@5": 0.39,
      "r@5": 0.572238,
      "mrr": 0.749754,
      "ndcg@10": 0.735349
    },
    "delta": {
      "hit@1": -0.011429,
      "hit@3": 0.02,
      "hit@5": 0.014286,
      "hit@10": 0.015714,
      "p@5": 0.002857,
      "r@5": 0.014286,
      "mrr": 0.000766,
      "ndcg@10": 0.005302
    }
  },
  "semantic_subset": {
    "operators": [
      "analyze_compare",
      "list",
      "lookup"
    ],
    "count": 460,
    "rrf_only": {
      "hit@1": 0.515217,
      "hit@3": 0.682609,
      "hit@5": 0.73913,
      "hit@10": 0.8,
      "p@5": 0.484783,
      "r@5": 0.327319,
      "mrr": 0.618025,
      "ndcg@10": 0.589201
    },
    "rrf_plus_lookup_rerank": {
      "hit@1": 0.497826,
      "hit@3": 0.713043,
      "hit@5": 0.76087,
      "hit@10": 0.823913,
      "p@5": 0.48913,
      "r@5": 0.349058,
      "mrr": 0.61919,
      "ndcg@10": 0.59727
    },
    "delta": {
      "hit@1": -0.017391,
      "hit@3": 0.030435,
      "hit@5": 0.021739,
      "hit@10": 0.023913,
      "p@5": 0.004348,
      "r@5": 0.021739,
      "mrr": 0.001165,
      "ndcg@10": 0.008069
    }
  },
  "wins": {
    "mrr": {
      "better": 47,
      "worse": 44,
      "same": 609
    }
  },
  "by_operator": {
    "analyze_compare": {
      "count": 60,
      "rrf_only": {
        "hit@1": 0.433333,
        "hit@3": 0.783333,
        "hit@5": 0.816667,
        "hit@10": 0.85,
        "p@5": 0.506667,
        "r@5": 0.125779,
        "mrr": 0.612063,
        "ndcg@10": 0.418221
      },
      "rrf_plus_lookup_rerank": {
        "hit@1": 0.433333,
        "hit@3": 0.783333,
        "hit@5": 0.816667,
        "hit@10": 0.85,
        "p@5": 0.506667,
        "r@5": 0.125779,
        "mrr": 0.612063,
        "ndcg@10": 0.418221
      },
      "delta": {
        "hit@1": 0.0,
        "hit@3": 0.0,
        "hit@5": 0.0,
        "hit@10": 0.0,
        "p@5": 0.0,
        "r@5": 0.0,
        "mrr": 0.0,
        "ndcg@10": 0.0
      }
    },
    "id_lookup": {
      "count": 240,
      "rrf_only": {
        "hit@1": 1.0,
        "hit@3": 1.0,
        "hit@5": 1.0,
        "hit@10": 1.0,
        "p@5": 0.2,
        "r@5": 1.0,
        "mrr": 1.0,
        "ndcg@10": 1.0
      },
      "rrf_plus_lookup_rerank": {
        "hit@1": 1.0,
        "hit@3": 1.0,
        "hit@5": 1.0,
        "hit@10": 1.0,
        "p@5": 0.2,
        "r@5": 1.0,
        "mrr": 1.0,
        "ndcg@10": 1.0
      },
      "delta": {
        "hit@1": 0.0,
        "hit@3": 0.0,
        "hit@5": 0.0,
        "hit@10": 0.0,
        "p@5": 0.0,
        "r@5": 0.0,
        "mrr": 0.0,
        "ndcg@10": 0.0
      }
    },
    "list": {
      "count": 240,
      "rrf_only": {
        "hit@1": 0.725,
        "hit@3": 0.845833,
        "hit@5": 0.891667,
        "hit@10": 0.933333,
        "p@5": 0.738333,
        "r@5": 0.275082,
        "mrr": 0.797949,
        "ndcg@10": 0.75788
      },
      "rrf_plus_lookup_rerank": {
        "hit@1": 0.725,
        "hit@3": 0.845833,
        "hit@5": 0.891667,
        "hit@10": 0.933333,
        "p@5": 0.738333,
        "r@5": 0.275082,
        "mrr": 0.797949,
        "ndcg@10": 0.75788
      },
      "delta": {
        "hit@1": 0.0,
        "hit@3": 0.0,
        "hit@5": 0.0,
        "hit@10": 0.0,
        "p@5": 0.0,
        "r@5": 0.0,
        "mrr": 0.0,
        "ndcg@10": 0.0
      }
    },
    "lookup": {
      "count": 160,
      "rrf_only": {
        "hit@1": 0.23125,
        "hit@3": 0.4,
        "hit@5": 0.48125,
        "hit@10": 0.58125,
        "p@5": 0.09625,
        "r@5": 0.48125,
        "mrr": 0.350375,
        "ndcg@10": 0.400301
      },
      "rrf_plus_lookup_rerank": {
        "hit@1": 0.18125,
        "hit@3": 0.4875,
        "hit@5": 0.54375,
        "hit@10": 0.65,
        "p@5": 0.10875,
        "r@5": 0.54375,
        "mrr": 0.353725,
        "ndcg@10": 0.423499
      },
      "delta": {
        "hit@1": -0.05,
        "hit@3": 0.0875,
        "hit@5": 0.0625,
        "hit@10": 0.06875,
        "p@5": 0.0125,
        "r@5": 0.0625,
        "mrr": 0.00335,
        "ndcg@10": 0.023198
      }
    }
  }
}