{
  "generated_at": "2026-03-07T17:08:47.519149",
  "policy": "static",
  "mode_a": "rrf_only",
  "mode_b": "rrf_plus_seed_reranker",
  "dataset": "experiments\\retrieval_eval\\eval\\phase2_silver_queries.json",
  "query_count": 700,
  "elapsed_sec": 421.923,
  "overall": {
    "rrf_only": {
      "hit@1": 0.681429,
      "hit@3": 0.791429,
      "hit@5": 0.828571,
      "hit@10": 0.868571,
      "p@5": 0.387143,
      "r@5": 0.557952,
      "mrr": 0.748988,
      "ndcg@10": 0.730046
    },
    "rrf_plus_reranker": {
      "hit@1": 0.627143,
      "hit@3": 0.725714,
      "hit@5": 0.775714,
      "hit@10": 0.847143,
      "p@5": 0.351143,
      "r@5": 0.548055,
      "mrr": 0.696575,
      "ndcg@10": 0.702743
    },
    "delta": {
      "hit@1": -0.054286,
      "hit@3": -0.065714,
      "hit@5": -0.052857,
      "hit@10": -0.021429,
      "p@5": -0.036,
      "r@5": -0.009897,
      "mrr": -0.052413,
      "ndcg@10": -0.027303
    }
  },
  "semantic_subset": {
    "operators": [
      "analyze_compare",
      "list",
      "lookup"
    ],
    "count": 460,
    "rrf_only": {
      "hit@1": 0.515217,
      "hit@3": 0.682609,
      "hit@5": 0.73913,
      "hit@10": 0.8,
      "p@5": 0.484783,
      "r@5": 0.327319,
      "mrr": 0.618025,
      "ndcg@10": 0.589201
    },
    "rrf_plus_reranker": {
      "hit@1": 0.432609,
      "hit@3": 0.582609,
      "hit@5": 0.658696,
      "hit@10": 0.767391,
      "p@5": 0.43,
      "r@5": 0.312258,
      "mrr": 0.538266,
      "ndcg@10": 0.547652
    },
    "delta": {
      "hit@1": -0.082609,
      "hit@3": -0.1,
      "hit@5": -0.080435,
      "hit@10": -0.032609,
      "p@5": -0.054783,
      "r@5": -0.015061,
      "mrr": -0.079759,
      "ndcg@10": -0.041549
    }
  },
  "wins": {
    "mrr": {
      "better": 80,
      "worse": 145,
      "same": 475
    },
    "hit@10": {
      "better": 27,
      "worse": 42,
      "same": 631
    }
  },
  "by_operator": {
    "analyze_compare": {
      "count": 60,
      "rrf_only": {
        "hit@1": 0.433333,
        "hit@3": 0.783333,
        "hit@5": 0.816667,
        "hit@10": 0.85,
        "p@5": 0.506667,
        "r@5": 0.125779,
        "mrr": 0.612063,
        "ndcg@10": 0.418221
      },
      "rrf_plus_reranker": {
        "hit@1": 0.0,
        "hit@3": 0.166667,
        "hit@5": 0.45,
        "hit@10": 0.816667,
        "p@5": 0.15,
        "r@5": 0.033017,
        "mrr": 0.189519,
        "ndcg@10": 0.207641
      },
      "delta": {
        "hit@1": -0.433333,
        "hit@3": -0.616667,
        "hit@5": -0.366667,
        "hit@10": -0.033333,
        "p@5": -0.356667,
        "r@5": -0.092762,
        "mrr": -0.422545,
        "ndcg@10": -0.21058
      }
    },
    "id_lookup": {
      "count": 240,
      "rrf_only": {
        "hit@1": 1.0,
        "hit@3": 1.0,
        "hit@5": 1.0,
        "hit@10": 1.0,
        "p@5": 0.2,
        "r@5": 1.0,
        "mrr": 1.0,
        "ndcg@10": 1.0
      },
      "rrf_plus_reranker": {
        "hit@1": 1.0,
        "hit@3": 1.0,
        "hit@5": 1.0,
        "hit@10": 1.0,
        "p@5": 0.2,
        "r@5": 1.0,
        "mrr": 1.0,
        "ndcg@10": 1.0
      },
      "delta": {
        "hit@1": 0.0,
        "hit@3": 0.0,
        "hit@5": 0.0,
        "hit@10": 0.0,
        "p@5": 0.0,
        "r@5": 0.0,
        "mrr": 0.0,
        "ndcg@10": 0.0
      }
    },
    "list": {
      "count": 240,
      "rrf_only": {
        "hit@1": 0.725,
        "hit@3": 0.845833,
        "hit@5": 0.891667,
        "hit@10": 0.933333,
        "p@5": 0.738333,
        "r@5": 0.275082,
        "mrr": 0.797949,
        "ndcg@10": 0.75788
      },
      "rrf_plus_reranker": {
        "hit@1": 0.708333,
        "hit@3": 0.75,
        "hit@5": 0.7875,
        "hit@10": 0.833333,
        "p@5": 0.714167,
        "r@5": 0.22774,
        "mrr": 0.74848,
        "ndcg@10": 0.715424
      },
      "delta": {
        "hit@1": -0.016667,
        "hit@3": -0.095833,
        "hit@5": -0.104167,
        "hit@10": -0.1,
        "p@5": -0.024167,
        "r@5": -0.047342,
        "mrr": -0.049469,
        "ndcg@10": -0.042456
      }
    },
    "lookup": {
      "count": 160,
      "rrf_only": {
        "hit@1": 0.23125,
        "hit@3": 0.4,
        "hit@5": 0.48125,
        "hit@10": 0.58125,
        "p@5": 0.09625,
        "r@5": 0.48125,
        "mrr": 0.350375,
        "ndcg@10": 0.400301
      },
      "rrf_plus_reranker": {
        "hit@1": 0.18125,
        "hit@3": 0.4875,
        "hit@5": 0.54375,
        "hit@10": 0.65,
        "p@5": 0.10875,
        "r@5": 0.54375,
        "mrr": 0.353725,
        "ndcg@10": 0.423499
      },
      "delta": {
        "hit@1": -0.05,
        "hit@3": 0.0875,
        "hit@5": 0.0625,
        "hit@10": 0.06875,
        "p@5": 0.0125,
        "r@5": 0.0625,
        "mrr": 0.00335,
        "ndcg@10": 0.023198
      }
    }
  }
}