{
  "BRAND": {
    "precision": 0.9892255892255892,
    "recall": 0.993238674780257,
    "f1-score": 0.9912280701754386,
    "support": 1479
  },
  "DRUG": {
    "precision": 0.9453621346886912,
    "recall": 0.9783037475345168,
    "f1-score": 0.9615508885298869,
    "support": 1521
  },
  "FORM": {
    "precision": 0.9957805907172996,
    "recall": 1.0,
    "f1-score": 0.9978858350951374,
    "support": 236
  },
  "MANUFACTURER": {
    "precision": 0.9863013698630136,
    "recall": 0.993103448275862,
    "f1-score": 0.9896907216494845,
    "support": 435
  },
  "STRENGTH": {
    "precision": 0.9161290322580645,
    "recall": 0.9627118644067797,
    "f1-score": 0.9388429752066116,
    "support": 295
  },
  "micro avg": {
    "precision": 0.9666172106824926,
    "recall": 0.9856278366111951,
    "f1-score": 0.9760299625468165,
    "support": 3966
  },
  "macro avg": {
    "precision": 0.9665597433505317,
    "recall": 0.9854715469994831,
    "f1-score": 0.9758396981313119,
    "support": 3966
  },
  "weighted avg": {
    "precision": 0.9670357622647424,
    "recall": 0.9856278366111951,
    "f1-score": 0.9761776136987798,
    "support": 3966
  }
}